{
    "rmse": 52.156773263658756,
    "mae": 40.80159446941368,
    "r2": 0.486551324612709
}